"","Description","pvalue","p.adjust"
"GO:0015937","coenzyme A biosynthetic process",2.70387201863793e-09,1.68992001164871e-05
"GO:0015936","coenzyme A metabolic process",1.18516795579316e-07,0.000370364986185363
